JD,mag,err
0,11.472,0.021
0.01064,11.496,0.01
0.01506,11.508,0.01
0.01948,11.491,0.009
0.02391,11.514,0.011
2.0019,11.5,0.005
2.00232,11.502,0.005
2.00274,11.513,0.005
2.00315,11.5,0.005
2.00358,11.497,0.005
2.06664,11.5,0.005
2.06705,11.504,0.005
2.06746,11.509,0.005
2.06789,11.503,0.005
2.0683,11.507,0.005
2.10842,11.535,0.071
2.10842,11.529,0.005
2.11387,11.533,0.067
2.11387,11.53,0.005
2.16159,11.504,0.006
2.16202,11.509,0.006
2.16243,11.504,0.006
2.16285,11.499,0.006
2.16327,11.515,0.006
2.72372,11.41,0.003
2.72678,11.412,0.003
2.72987,11.405,0.003
2.73294,11.41,0.003
2.73601,11.407,0.003
2.73907,11.415,0.003
2.74214,11.414,0.003
2.74521,11.414,0.003
2.74828,11.41,0.003
2.75135,11.414,0.003
2.75442,11.42,0.003
2.75749,11.414,0.003
2.76056,11.418,0.003
2.76363,11.411,0.003
2.7667,11.411,0.004
3.06299,11.518,0.004
3.06761,11.526,0.005
3.99062,11.492,0.01
3.99393,11.504,0.005
3.99435,11.504,0.005
3.99476,11.498,0.005
3.99498,11.483,0.009
3.99518,11.486,0.005
3.9956,11.501,0.005
4.0127,11.492,0.009
4.01712,11.484,0.009
4.02154,11.48,0.008
4.02595,11.483,0.009
4.03037,11.506,0.009
4.03479,11.489,0.009
4.03921,11.498,0.009
4.04364,11.487,0.009
4.04806,11.491,0.009
4.05248,11.491,0.01
4.0569,11.501,0.009
4.06132,11.501,0.01
4.06574,11.502,0.009
4.07016,11.481,0.01
4.07459,11.506,0.009
4.08116,11.501,0.009
4.08558,11.486,0.009
4.09,11.492,0.009
4.76905,11.449,0.004
4.76928,11.458,0.004
4.76952,11.453,0.004
4.76976,11.449,0.004
4.77001,11.459,0.004
4.77025,11.453,0.004
4.77049,11.46,0.004
4.77074,11.446,0.004
4.77098,11.45,0.004
4.77122,11.45,0.004
4.77147,11.459,0.004
4.77171,11.456,0.004
4.77195,11.453,0.004
4.7722,11.459,0.004
4.77244,11.449,0.004
4.77268,11.453,0.004
4.77292,11.453,0.004
4.77317,11.453,0.004
4.77341,11.451,0.004
4.77365,11.457,0.004
4.7739,11.459,0.004
4.77414,11.457,0.004
4.77438,11.45,0.004
4.77463,11.452,0.004
4.77487,11.459,0.004
4.77511,11.458,0.004
4.77535,11.451,0.004
4.7756,11.453,0.004
4.77584,11.448,0.004
4.77608,11.45,0.004
4.77634,11.457,0.004
4.77658,11.45,0.004
4.77681,11.457,0.004
4.77706,11.449,0.004
4.7773,11.454,0.004
4.77754,11.46,0.004
4.77779,11.457,0.004
4.77803,11.453,0.004
4.77827,11.459,0.004
4.77851,11.451,0.004
4.77876,11.453,0.004
4.779,11.452,0.004
4.77926,11.455,0.004
4.7795,11.455,0.004
4.77973,11.449,0.004
4.77997,11.449,0.004
4.78022,11.458,0.004
4.78046,11.452,0.004
4.7807,11.453,0.004
4.78095,11.461,0.004
5.70415,11.385,0.003
6.13624,11.446,0.001
6.18746,11.458,0.003
7.96744,11.445,0.008
7.96849,11.455,0.009
7.96959,11.469,0.009
7.97069,11.462,0.009
7.97176,11.481,0.01
8.7656,11.456,0.005
8.76579,11.452,0.005
8.76597,11.447,0.005
8.76616,11.451,0.004
8.76634,11.455,0.004
8.76653,11.459,0.004
8.76671,11.452,0.004
8.7669,11.446,0.004
8.76709,11.448,0.004
8.76727,11.456,0.005
9.7803,11.454,0.004
9.7805,11.448,0.004
9.78068,11.459,0.004
9.78087,11.455,0.004
9.78106,11.457,0.004
9.78124,11.448,0.004
9.78143,11.45,0.004
9.78161,11.455,0.004
9.7818,11.448,0.004
9.78198,11.451,0.004
9.83035,11.481,0.019
9.8311,11.465,0.018
9.83187,11.468,0.018
9.83262,11.488,0.019
9.83337,11.49,0.019
9.839005,11.52,0.053
10.74441,11.461,0.004
10.74461,11.452,0.004
10.74479,11.45,0.004
10.74498,11.457,0.004
10.74516,11.45,0.004
10.74535,11.454,0.004
10.74553,11.46,0.004
10.74572,11.457,0.004
10.7459,11.455,0.004
10.74609,11.457,0.004
11.08344,11.486,0.009
11.0879,11.48,0.009
11.09232,11.489,0.009
11.09674,11.491,0.008
11.10116,11.495,0.008
11.10559,11.49,0.008
11.11001,11.477,0.009
11.11445,11.477,0.01
11.12884,11.478,0.01
11.13327,11.509,0.009
11.1377,11.495,0.01
11.14213,11.496,0.011
11.14655,11.488,0.009
11.158,11.473,0.01
11.16242,11.493,0.01
11.16684,11.487,0.01
11.17127,11.493,0.01
11.1757,11.476,0.01
11.18013,11.483,0.01
11.18455,11.484,0.011
11.18897,11.507,0.012
11.1934,11.485,0.013
11.19783,11.514,0.014
11.20544,11.494,0.016
11.20986,11.481,0.018
11.2143,11.517,0.021
11.837555,11.529,0.03
12.03645,11.454,0.003
12.04126,11.468,0.003
12.04718,11.453,0.003
12.05437,11.461,0.003
12.06065,11.463,0.002
12.1106,11.467,0.002
12.98713,11.476,0.009
12.99156,11.491,0.008
12.996,11.501,0.008
13.00042,11.48,0.008
13.00485,11.496,0.008
13.007299,11.496,0.006
13.007751,11.469,0.006
13.008167,11.468,0.006
13.008607,11.459,0.006
13.00927,11.495,0.008
13.01371,11.498,0.008
13.01813,11.509,0.008
13.02256,11.505,0.008
13.02698,11.48,0.008
13.0314,11.491,0.008
13.03585,11.485,0.008
13.04028,11.503,0.008
13.05231,11.493,0.008
13.05705,11.489,0.008
13.06291,11.481,0.008
13.06589,11.507,0.008
13.0722,11.541,0.005
13.0722,11.554,0.058
13.07228,11.498,0.009
13.07671,11.491,0.009
13.08013,11.523,0.004
13.08013,11.528,0.055
13.08278,11.488,0.009
13.0872,11.486,0.009
13.09163,11.501,0.009
13.09607,11.487,0.011
13.1005,11.523,0.018
13.10493,11.506,0.022
13.71524,11.405,0.004
13.875982,11.544,0.043
13.98269,11.486,0.013
16.98325,11.492,0.01
16.98769,11.493,0.009
16.99212,11.496,0.008
16.99654,11.488,0.009
17.00097,11.482,0.008
17.00593,11.479,0.008
17.01731,11.49,0.009
17.02174,11.501,0.009
17.02633,11.493,0.009
17.02938,11.507,0.008
17.03241,11.493,0.009
17.03544,11.492,0.008
17.03849,11.49,0.009
17.04152,11.485,0.009
17.04456,11.489,0.009
17.04759,11.495,0.008
17.05064,11.49,0.009
17.05367,11.504,0.009
17.05913,11.502,0.009
17.06356,11.502,0.009
17.06798,11.499,0.008
17.07454,11.506,0.01
17.07896,11.503,0.009
17.08981,11.5,0.01
17.09423,11.502,0.009
17.09867,11.5,0.01
17.10309,11.506,0.009
17.10752,11.495,0.01
17.11195,11.503,0.01
17.11637,11.497,0.009
17.1208,11.508,0.009
17.12522,11.497,0.01
17.12965,11.498,0.01
17.13408,11.502,0.009
17.1385,11.493,0.01
17.14292,11.489,0.009
17.14735,11.488,0.009
17.15177,11.499,0.009
17.15619,11.49,0.01
17.16063,11.518,0.01
17.95871,11.464,0.005
17.95913,11.473,0.005
17.95955,11.478,0.005
17.95996,11.469,0.005
17.96038,11.474,0.005
18.74352,11.457,0.005
18.74373,11.45,0.006
18.74391,11.451,0.005
18.7441,11.443,0.005
18.74428,11.444,0.005
18.74447,11.452,0.005
18.74465,11.452,0.005
18.74484,11.451,0.005
18.74502,11.455,0.005
18.74521,11.451,0.005
19.98134,11.481,0.01
19.98577,11.487,0.009
19.99019,11.485,0.009
19.99462,11.486,0.008
19.99904,11.493,0.009
20.00346,11.504,0.009
20.00788,11.488,0.008
20.01231,11.484,0.008
20.01959,11.499,0.009
20.02618,11.481,0.009
20.03237,11.494,0.009
20.03536,11.489,0.008
20.03835,11.499,0.008
20.04132,11.487,0.008
20.04432,11.491,0.009
20.05185,11.481,0.009
20.05626,11.497,0.009
20.06068,11.499,0.01
20.06511,11.494,0.009
20.06953,11.501,0.009
20.07395,11.488,0.009
20.07837,11.486,0.009
20.08279,11.504,0.009
20.0872,11.514,0.009
20.09162,11.503,0.009
20.09604,11.509,0.01
20.10045,11.48,0.01
20.10487,11.543,0.009
20.10928,11.549,0.01
20.11371,11.564,0.025
22.79453,11.444,0.004
22.79472,11.445,0.004
22.79491,11.443,0.004
22.79509,11.451,0.004
22.79528,11.451,0.004
22.79546,11.447,0.004
22.79565,11.447,0.004
22.79584,11.449,0.004
22.79602,11.443,0.004
22.79621,11.446,0.004
24.97798,11.491,0.009
24.98241,11.494,0.009
24.98683,11.496,0.009
24.99125,11.483,0.012
24.99567,11.495,0.01
25.00009,11.49,0.009
25.00452,11.477,0.009
25.00895,11.475,0.008
25.01337,11.493,0.008
25.01779,11.484,0.008
25.02221,11.503,0.009
25.02663,11.507,0.008
25.03106,11.516,0.009
25.03548,11.489,0.009
25.03991,11.481,0.009
25.04433,11.484,0.008
25.04875,11.504,0.008
25.05317,11.488,0.008
25.05759,11.499,0.009
25.06202,11.488,0.009
25.06644,11.482,0.009
25.07086,11.499,0.009
25.07528,11.503,0.009
25.0797,11.497,0.009
25.08412,11.472,0.01
25.08856,11.485,0.009
25.09298,11.484,0.009
25.0974,11.478,0.009
25.10182,11.512,0.009
25.10624,11.494,0.009
25.11067,11.481,0.009
25.11509,11.494,0.009
25.11952,11.49,0.009
25.12394,11.482,0.009
25.12836,11.481,0.01
29.00318,11.481,0.009
29.00761,11.495,0.009
29.01203,11.479,0.01
29.01644,11.49,0.009
29.02086,11.477,0.009
29.02528,11.474,0.008
29.02969,11.483,0.009
29.03411,11.484,0.009
29.03853,11.482,0.009
29.04295,11.482,0.009
29.04736,11.483,0.009
29.05178,11.494,0.009
29.05621,11.493,0.009
29.06062,11.481,0.009
29.06504,11.493,0.009
29.06946,11.493,0.01
29.07388,11.492,0.01
29.0783,11.484,0.01
29.08272,11.486,0.01
29.08713,11.484,0.009
29.09155,11.492,0.009
29.09597,11.481,0.01
29.1004,11.483,0.01
29.10482,11.477,0.009
29.10923,11.481,0.01
29.11365,11.485,0.009
29.11807,11.488,0.009
29.12249,11.503,0.009
29.12691,11.485,0.01
29.13133,11.503,0.01
29.13575,11.481,0.01
29.14016,11.49,0.011
29.70926,11.448,0.005
29.70945,11.444,0.005
29.70963,11.453,0.005
29.70982,11.448,0.005
29.71,11.452,0.005
29.71019,11.452,0.005
29.71037,11.446,0.005
29.71055,11.457,0.005
29.71073,11.449,0.005
29.71092,11.452,0.005
31.1539,11.558,0.007
31.1624,11.534,0.008
32.71089,11.439,0.006
32.71108,11.43,0.006
32.71127,11.438,0.005
32.71146,11.44,0.006
32.71165,11.439,0.006
32.71184,11.439,0.006
32.71202,11.446,0.007
32.7122,11.44,0.006
32.71239,11.444,0.006
32.71257,11.437,0.005
35.81453,11.443,0.005
35.8147,11.447,0.005
35.81489,11.453,0.005
35.81507,11.455,0.005
35.81526,11.436,0.005
35.81544,11.452,0.005
35.81563,11.454,0.005
35.81581,11.444,0.005
35.816,11.451,0.005
35.81618,11.454,0.005
41.70283,11.446,0.005
41.70301,11.445,0.005
41.7032,11.452,0.005
41.70338,11.45,0.005
41.70357,11.438,0.005
41.70375,11.445,0.005
41.70393,11.441,0.005
41.70411,11.446,0.005
41.7043,11.449,0.005
41.70448,11.45,0.005
43.91162,11.453,0.008
43.91239,11.429,0.008
43.91316,11.458,0.007
43.91394,11.427,0.008
43.9147,11.448,0.008
43.91548,11.46,0.008
43.91625,11.425,0.008
43.91702,11.441,0.009
43.91779,11.448,0.011
43.91858,11.458,0.014
46.08932,11.539,0.007
46.09377,11.548,0.007
46.7208,11.552,0.004
46.87246,11.439,0.008
46.87264,11.454,0.008
46.87283,11.312,0.01
46.87301,11.487,0.01
46.8732,11.407,0.008
46.87338,11.417,0.009
46.87357,11.351,0.012
46.87375,11.46,0.008
46.87394,11.456,0.008
46.87411,11.575,0.009
47.79386,11.452,0.005
47.79404,11.449,0.005
47.79423,11.443,0.005
47.79441,11.461,0.005
47.7946,11.456,0.005
47.79478,11.442,0.005
47.79497,11.45,0.005
47.79515,11.461,0.005
47.79534,11.45,0.005
47.79552,11.465,0.005
48.73512,11.456,0.004
48.73544,11.447,0.004
48.73563,11.448,0.004
48.73581,11.454,0.004
48.736,11.446,0.004
48.73617,11.439,0.004
48.73636,11.443,0.004
48.73654,11.439,0.004
48.73673,11.454,0.004
48.73691,11.45,0.004
62.76125,11.455,0.005
62.76143,11.452,0.005
62.76161,11.443,0.005
62.7618,11.453,0.006
62.76197,11.451,0.006
62.76215,11.45,0.006
62.76234,11.463,0.006
62.76251,11.453,0.005
62.7627,11.448,0.006
62.76288,11.461,0.006
66.66664,11.453,0.003
68.0569,11.54,0.083
68.06141,11.544,0.063
68.75784,11.44,0.005
68.75803,11.464,0.005
68.75821,11.454,0.005
68.75839,11.443,0.005
68.75858,11.46,0.005
68.75875,11.442,0.005
68.75894,11.463,0.005
68.75912,11.45,0.005
68.7593,11.453,0.005
68.75948,11.457,0.005
77.77045,11.448,0.005
77.77065,11.458,0.005
77.77084,11.452,0.005
77.77102,11.452,0.005
77.77119,11.452,0.005
77.77138,11.454,0.005
77.77156,11.449,0.005
77.77174,11.45,0.005
77.77192,11.445,0.005
78.75419,11.463,0.005
78.75441,11.457,0.005
78.7546,11.457,0.005
78.75477,11.461,0.005
78.75496,11.461,0.005
78.75514,11.465,0.005
78.75531,11.466,0.005
78.7555,11.463,0.005
78.75568,11.466,0.005
78.75586,11.458,0.005
140.50328,11.478,0.02
144.49987,11.445,0.02
145.5084,11.492,0.02
147.50511,11.506,0.02
148.49379,11.495,0.02
150.48664,11.483,0.02
151.48223,11.087,0.02
157.46585,11.491,0.02
158.46449,11.47,0.02
164.43537,11.489,0.004
164.44066,11.533,0.004
166.43317,11.531,0.02
171.42647,11.497,0.02
171.47971,11.514,0.02
174.43229,11.492,0.02
174.47588,11.496,0.02
175.41556,11.429,0.02
175.46923,11.408,0.02
176.4595,11.404,0.02
178.40865,11.498,0.02
178.42623,11.546,0.004
178.43065,11.536,0.003
178.46188,11.493,0.02
179.39717,11.496,0.02
179.45076,11.487,0.02
180.40614,11.489,0.02
181.40887,11.48,0.02
181.45251,11.481,0.02
182.4045,11.479,0.02
182.44779,11.473,0.02
183.39503,11.423,0.02
183.44016,11.439,0.02
186.3851,11.459,0.02
186.43845,11.458,0.02
193.37549,11.486,0.02
193.41914,11.48,0.02
194.36857,11.462,0.02
194.412,11.424,0.02
195.36745,11.454,0.02
195.41082,11.477,0.02
199.35375,11.478,0.02
199.39743,11.488,0.02
202.34858,11.472,0.02
202.39205,11.484,0.02
202.46133,11.472,0.02
207.33759,11.495,0.02
207.38103,11.481,0.02
207.45038,11.481,0.02
211.33135,11.477,0.02
211.37507,11.479,0.02
211.44479,11.483,0.02
212.30798,11.469,0.02
212.36134,11.479,0.02
212.43048,11.479,0.02
215.30828,11.48,0.02
215.36159,11.486,0.02
215.43083,11.487,0.02
217.30834,11.476,0.02
217.35172,11.483,0.02
217.42102,11.482,0.02
218.26862,11.7,0.1
220.41047,11.507,0.02
221.2006,11.51,0.002
221.20548,11.461,0.002
221.22615,11.468,0.003
221.23843,11.47,0.003
221.2507,11.46,0.004
221.26298,11.469,0.004
221.27523,11.461,0.005
221.2875,11.475,0.005
221.29975,11.464,0.005
224.20979,11.452,0.001
224.23572,11.445,0.001
224.24871,11.448,0.001
224.27464,11.449,0.001
224.30056,11.447,0.001
225.28624,11.483,0.02
225.32964,11.486,0.02
225.39885,11.494,0.02
226.2862,11.474,0.02
226.3296,11.474,0.02
226.39882,11.482,0.02
227.90399,11.465,0.01
227.90423,11.419,0.012
227.90448,11.221,0.042
227.90495,11.558,0.029
228.17773,11.436,0.001
228.19001,11.438,0.001
228.20229,11.454,0.001
228.21454,11.436,0.001
228.2268,11.438,0.002
228.23908,11.436,0.002
228.25132,11.436,0.001
228.26359,11.437,0.001
230.16985,11.439,0.002
230.18151,11.439,0.001
230.19322,11.435,0.001
230.2049,11.438,0.001
230.21659,11.445,0.001
230.22828,11.437,0.001
230.23993,11.436,0.001
230.25161,11.436,0.001
230.26328,11.431,0.001
230.27494,11.445,0.001
230.28662,11.436,0.001
230.29831,11.444,0.001
230.31001,11.438,0.001
230.32168,11.439,0.001
231.95136,11.463,0.004
231.95162,11.464,0.004
231.95185,11.463,0.004
231.95209,11.47,0.004
231.95232,11.467,0.004
235.30715,11.445,0.02
236.24163,11.479,0.02
236.36424,11.491,0.02
236.43335,11.499,0.02
237.24691,11.464,0.02
237.30064,11.477,0.02
237.37052,11.483,0.02
237.44038,11.495,0.02
237.90355,11.458,0.006
237.9038,11.46,0.006
237.90405,11.463,0.006
237.90428,11.456,0.006
237.90452,11.456,0.006
238.2468,11.476,0.02
238.29052,11.481,0.02
238.36033,11.479,0.02
238.43018,11.485,0.02
239.24259,11.49,0.02
239.29627,11.508,0.02
239.36602,11.498,0.02
239.43582,11.502,0.02
240.24251,11.482,0.02
240.2861,11.484,0.02
240.35606,11.487,0.02
240.42578,11.492,0.02
241.24252,11.483,0.02
241.2861,11.476,0.02
241.35561,11.48,0.02
241.42536,11.488,0.02
243.23076,11.431,0.02
243.28428,11.408,0.02
243.35405,11.465,0.02
243.42371,11.411,0.02
243.89965,11.453,0.005
243.89989,11.445,0.005
243.90013,11.466,0.005
243.90037,11.46,0.004
243.90061,11.456,0.005
247.90424,11.459,0.005
247.9045,11.461,0.004
247.90473,11.462,0.004
247.90497,11.463,0.004
247.90522,11.445,0.004
251.15165,11.461,0.004
251.16409,11.459,0.004
251.17634,11.459,0.003
251.18837,11.452,0.003
251.20042,11.459,0.003
251.21243,11.458,0.003
251.2245,11.46,0.003
255.91784,11.465,0.003
255.91809,11.459,0.004
255.91833,11.461,0.004
255.91857,11.465,0.004
255.91882,11.458,0.003
262.20889,11.418,0.02
262.27886,11.447,0.02
262.34871,11.437,0.02
262.44277,11.498,0.02
263.21127,11.425,0.02
263.28067,11.47,0.02
263.35015,11.459,0.02
263.44349,11.46,0.02
263.90678,11.455,0.003
263.90704,11.46,0.003
263.90729,11.468,0.003
263.90753,11.455,0.003
263.90776,11.461,0.003
264.2095,11.467,0.02
264.27921,11.443,0.02
264.34897,11.501,0.02
264.44275,11.501,0.02
265.19606,11.466,0.02
265.23975,11.461,0.02
265.30968,11.379,0.02
265.37971,11.475,0.02
266.20273,11.421,0.02
266.29468,11.496,0.02
266.36474,11.499,0.02
266.89882,11.456,0.004
266.89907,11.464,0.004
266.8993,11.458,0.004
266.89954,11.456,0.004
266.89979,11.463,0.004
267.22136,11.368,0.02
267.36744,11.484,0.02
270.91788,11.46,0.004
270.91812,11.461,0.004
270.91836,11.464,0.004
270.91861,11.457,0.004
270.91885,11.456,0.004
272.91339,11.459,0.004
272.91369,11.462,0.004
272.91393,11.457,0.004
272.91417,11.462,0.004
272.91442,11.451,0.004
275.89004,11.446,0.004
275.89077,11.462,0.004
275.89148,11.465,0.003
275.8922,11.457,0.003
275.89291,11.457,0.003
277.9128,11.452,0.005
277.91305,11.449,0.004
277.91329,11.457,0.004
277.91353,11.459,0.004
277.91377,11.455,0.004
278.18563,11.479,0.02
278.2557,11.485,0.02
281.17893,11.483,0.02
286.91152,11.472,0.022
286.91178,11.492,0.028
286.91202,11.477,0.046
286.91225,11.34,0.073
286.9125,11.562,0.077
288.90716,11.469,0.004
288.90741,11.464,0.003
288.90766,11.462,0.003
288.9079,11.46,0.003
288.90814,11.462,0.003
292.16931,11.492,0.004
292.16973,11.498,0.003
292.17015,11.491,0.003
292.17455,11.498,0.004
292.17497,11.482,0.003
292.1754,11.496,0.004
292.17979,11.485,0.003
292.18022,11.495,0.004
292.18064,11.484,0.003
292.18503,11.491,0.004
292.18546,11.494,0.004
292.18588,11.489,0.004
292.19028,11.487,0.004
292.1907,11.49,0.004
292.19112,11.488,0.003
292.19551,11.497,0.004
292.19594,11.493,0.004
292.19636,11.492,0.004
292.20076,11.499,0.004
292.20118,11.488,0.004
292.2016,11.49,0.003
292.206,11.492,0.004
292.20642,11.496,0.004
292.20684,11.497,0.004
292.21123,11.493,0.004
292.21166,11.494,0.004
292.21208,11.495,0.004
292.21648,11.489,0.004
292.2169,11.492,0.004
292.21732,11.483,0.004
292.22173,11.498,0.004
292.22215,11.494,0.004
292.22257,11.494,0.004
292.22697,11.489,0.004
292.22739,11.487,0.004
292.22781,11.495,0.004
292.23221,11.492,0.004
292.23263,11.494,0.004
292.23305,11.485,0.004
292.23745,11.494,0.004
292.23787,11.49,0.004
292.23829,11.487,0.004
292.24269,11.486,0.004
292.24312,11.488,0.004
292.24354,11.492,0.004
292.24794,11.489,0.004
292.24836,11.488,0.004
292.24878,11.49,0.004
292.25318,11.489,0.004
292.25361,11.496,0.004
292.25403,11.493,0.004
292.25843,11.491,0.004
292.25885,11.485,0.004
292.25927,11.486,0.004
292.26367,11.496,0.004
292.2641,11.488,0.004
292.26452,11.486,0.004
292.26892,11.492,0.004
292.26934,11.492,0.004
292.26976,11.497,0.004
292.27416,11.493,0.004
292.27458,11.495,0.004
292.275,11.485,0.004
292.2794,11.492,0.004
292.27983,11.485,0.004
292.28025,11.5,0.004
292.28465,11.492,0.004
292.28507,11.495,0.004
292.28549,11.49,0.004
292.28989,11.497,0.004
292.29031,11.494,0.004
292.29073,11.485,0.004
292.29514,11.485,0.004
292.29555,11.498,0.004
292.29598,11.489,0.004
292.30038,11.493,0.004
292.3008,11.492,0.004
292.30122,11.488,0.004
292.30563,11.503,0.004
292.30605,11.489,0.004
292.30648,11.509,0.004
292.31087,11.489,0.004
292.3113,11.488,0.004
292.31172,11.49,0.004
292.31612,11.487,0.004
292.31654,11.487,0.004
292.31696,11.499,0.004
292.32137,11.493,0.004
292.32179,11.498,0.004
292.32221,11.493,0.004
292.32661,11.487,0.004
292.32703,11.499,0.004
292.32745,11.488,0.004
292.33184,11.49,0.004
292.33227,11.489,0.004
292.33268,11.486,0.004
292.33708,11.489,0.004
292.33751,11.505,0.004
292.33792,11.491,0.004
292.34232,11.488,0.004
292.34274,11.497,0.004
292.34317,11.49,0.004
292.34756,11.485,0.004
292.34798,11.492,0.004
292.34841,11.499,0.004
292.3528,11.487,0.004
292.35323,11.494,0.004
292.35365,11.488,0.004
292.35805,11.494,0.004
292.35847,11.495,0.004
292.35889,11.511,0.004
292.36329,11.502,0.004
292.36371,11.494,0.004
292.36413,11.504,0.005
300.15474,11.481,0.02
300.22452,11.487,0.02
300.30833,11.495,0.02
300.40264,11.487,0.02
301.1654,11.491,0.02
301.23516,11.499,0.02
301.32912,11.502,0.02
303.90536,11.328,0.004
304.17942,11.446,0.08
306.07285,11.479,0.086
306.08557,11.446,0.002
306.09678,11.445,0.002
306.10798,11.442,0.002
306.11921,11.448,0.002
306.13045,11.449,0.002
306.14169,11.453,0.002
306.15293,11.444,0.002
306.16415,11.446,0.002
306.17538,11.449,0.002
306.18661,11.45,0.002
306.19784,11.45,0.002
306.20906,11.447,0.002
308.0781,11.44,0.038
308.0781,11.442,0.068
310.10112,11.481,0.074
310.89115,11.455,0.003
311.0782,11.476,0.079
311.0782,11.483,0.079
311.85695,11.458,0.004
311.85713,11.463,0.004
311.85732,11.469,0.004
311.8575,11.471,0.004
311.85769,11.459,0.004
313.82587,11.462,0.005
313.82658,11.467,0.005
313.82729,11.458,0.005
313.82801,11.464,0.004
313.82872,11.459,0.004
313.82943,11.457,0.004
313.83015,11.466,0.004
313.83087,11.458,0.004
313.83158,11.463,0.004
313.83229,11.464,0.004
313.83301,11.468,0.004
313.83372,11.453,0.004
313.83443,11.463,0.004
313.83514,11.469,0.004
313.83586,11.46,0.004
313.83658,11.461,0.004
313.83728,11.46,0.004
313.838,11.466,0.004
313.83872,11.471,0.004
313.83943,11.468,0.004
313.84014,11.471,0.004
313.84086,11.463,0.004
313.84156,11.46,0.004
313.84228,11.471,0.004
313.84299,11.455,0.005
313.84371,11.467,0.004
313.84442,11.466,0.004
313.84513,11.464,0.004
313.84585,11.467,0.004
313.84655,11.464,0.004
313.84727,11.469,0.004
313.84798,11.458,0.004
313.84869,11.486,0.005
313.84941,11.502,0.005
313.85012,11.465,0.004
313.85084,11.462,0.004
313.85154,11.461,0.004
313.85226,11.467,0.005
313.85298,11.468,0.005
313.85368,11.475,0.005
313.8544,11.464,0.004
313.85511,11.466,0.005
313.85582,11.458,0.004
313.85654,11.468,0.005
313.85725,11.464,0.005
313.85796,11.467,0.004
313.85867,11.466,0.004
313.85939,11.474,0.004
313.86009,11.465,0.004
313.86081,11.468,0.004
313.86153,11.472,0.004
313.86224,11.466,0.005
313.86295,11.469,0.005
313.86366,11.474,0.004
313.86437,11.464,0.005
313.86508,11.464,0.005
313.86579,11.467,0.005
313.86651,11.466,0.005
313.86721,11.469,0.005
313.86793,11.465,0.005
313.86864,11.468,0.005
313.86935,11.466,0.005
313.87006,11.461,0.005
313.87078,11.468,0.005
313.87148,11.467,0.005
313.8722,11.472,0.005
313.87291,11.469,0.005
313.87361,11.475,0.005
313.87433,11.469,0.005
313.87504,11.462,0.005
313.87574,11.465,0.005
313.87645,11.472,0.005
313.87715,11.466,0.005
313.87787,11.468,0.005
313.87858,11.467,0.005
313.87928,11.472,0.005
313.87999,11.47,0.005
313.8807,11.464,0.005
313.8814,11.47,0.005
313.88211,11.468,0.005
313.88281,11.466,0.005
313.88352,11.466,0.005
313.88424,11.47,0.005
313.88494,11.464,0.005
313.88565,11.468,0.004
313.88636,11.466,0.004
313.88706,11.462,0.004
313.88777,11.475,0.004
313.88847,11.469,0.004
313.88918,11.468,0.004
313.8899,11.464,0.004
313.8906,11.46,0.004
313.8913,11.47,0.004
313.89202,11.465,0.004
313.89271,11.465,0.004
313.89342,11.463,0.004
313.89412,11.462,0.004
313.89483,11.468,0.005
313.89553,11.461,0.004
313.89624,11.467,0.005
313.89695,11.468,0.005
313.89765,11.464,0.005
313.89838,11.465,0.005
313.89909,11.462,0.005
313.89979,11.469,0.005
313.9005,11.472,0.004
313.90119,11.472,0.004
313.9019,11.477,0.004
313.90261,11.465,0.004
313.90331,11.466,0.004
313.90402,11.467,0.004
313.90472,11.468,0.004
313.90543,11.473,0.004
313.90614,11.474,0.004
313.90684,11.47,0.004
313.90755,11.466,0.004
313.90825,11.462,0.004
313.90896,11.475,0.004
313.90967,11.458,0.004
313.91036,11.468,0.004
313.91107,11.472,0.004
313.91177,11.467,0.004
313.91248,11.466,0.004
313.91318,11.479,0.004
313.91389,11.478,0.004
313.9146,11.467,0.004
313.9153,11.464,0.004
313.91601,11.462,0.004
313.91671,11.452,0.005
313.91741,11.455,0.005
313.91812,11.465,0.004
313.91882,11.462,0.004
313.91953,11.477,0.005
313.92024,11.467,0.005
313.92094,11.468,0.004
313.92165,11.472,0.004
313.92236,11.463,0.004
313.92307,11.468,0.005
313.92377,11.466,0.005
313.92448,11.472,0.005
313.92519,11.464,0.005
313.92589,11.47,0.005
313.92659,11.471,0.005
313.92729,11.462,0.005
313.92801,11.46,0.005
313.92871,11.456,0.005
313.92941,11.459,0.005
313.93012,11.466,0.005
313.93084,11.473,0.004
313.93154,11.468,0.004
313.93225,11.472,0.004
313.93295,11.461,0.004
313.93366,11.46,0.004
313.93437,11.466,0.004
313.93578,11.477,0.005
313.93648,11.467,0.004
313.93719,11.464,0.004
313.9379,11.481,0.004
313.9386,11.463,0.004
313.93931,11.466,0.004
313.94001,11.466,0.004
313.94072,11.469,0.004
313.94143,11.467,0.004
313.94213,11.466,0.004
313.94284,11.474,0.004
313.94354,11.469,0.004
313.94425,11.468,0.004
313.94496,11.471,0.004
313.94566,11.465,0.004
313.94637,11.47,0.004
313.94706,11.465,0.004
313.94777,11.469,0.004
313.94847,11.473,0.004
313.94918,11.474,0.004
313.94989,11.472,0.004
313.95059,11.467,0.004
313.9513,11.468,0.004
313.952,11.468,0.004
313.95271,11.465,0.004
313.95342,11.469,0.004
313.95412,11.47,0.004
313.95483,11.476,0.004
313.95553,11.473,0.004
313.95624,11.472,0.004
313.95695,11.472,0.004
313.95765,11.467,0.006
313.95836,11.466,0.004
313.95906,11.473,0.004
313.95977,11.472,0.004
313.96048,11.463,0.004
313.96118,11.471,0.004
313.96188,11.468,0.004
313.96258,11.466,0.004
313.96329,11.471,0.004
313.96399,11.465,0.004
313.9647,11.466,0.004
313.96541,11.468,0.004
313.96611,11.469,0.004
313.96682,11.469,0.004
314.02868,11.53,0.004
314.0291,11.536,0.004
314.02952,11.537,0.004
314.03392,11.537,0.004
314.03435,11.533,0.004
314.03477,11.54,0.004
314.03919,11.535,0.004
314.03961,11.539,0.004
314.04004,11.531,0.003
314.04447,11.538,0.004
314.04489,11.539,0.004
314.04531,11.531,0.003
314.04974,11.535,0.003
314.05016,11.54,0.003
314.05059,11.539,0.003
314.05501,11.539,0.003
314.05543,11.538,0.003
314.05586,11.529,0.003
314.06027,11.537,0.003
314.0607,11.534,0.003
314.06113,11.543,0.003
314.06555,11.539,0.003
314.06597,11.534,0.003
314.0664,11.534,0.003
314.07083,11.533,0.003
314.07125,11.538,0.003
314.07168,11.538,0.003
314.07612,11.534,0.003
314.07654,11.54,0.003
314.07697,11.536,0.003
314.08144,11.529,0.003
314.08187,11.542,0.003
314.08229,11.531,0.003
314.08674,11.533,0.003
314.08716,11.54,0.003
314.08759,11.537,0.003
314.09203,11.545,0.003
314.09246,11.537,0.003
314.09288,11.545,0.003
314.09732,11.545,0.003
314.09775,11.537,0.003
314.09818,11.539,0.003
314.10262,11.537,0.003
314.10304,11.539,0.003
314.10347,11.53,0.003
314.10791,11.535,0.004
314.10833,11.534,0.004
314.10876,11.535,0.003
314.1132,11.543,0.004
314.11362,11.534,0.004
314.11405,11.535,0.003
314.11849,11.538,0.004
314.11891,11.537,0.003
314.11934,11.538,0.003
314.12377,11.538,0.003
314.1242,11.538,0.003
314.12462,11.537,0.003
314.12906,11.532,0.004
314.12948,11.535,0.003
314.12991,11.538,0.003
314.13434,11.54,0.004
314.13477,11.536,0.004
314.13519,11.542,0.004
314.13964,11.538,0.004
314.14007,11.543,0.004
314.14049,11.535,0.004
314.14495,11.54,0.004
314.14538,11.535,0.004
314.1458,11.54,0.003
314.15025,11.533,0.004
314.15067,11.538,0.004
314.15109,11.538,0.004
314.15554,11.536,0.004
314.15597,11.533,0.004
314.15639,11.539,0.004
314.16084,11.538,0.004
314.16127,11.537,0.004
314.16169,11.535,0.004
315.84939,11.475,0.006
315.85009,11.455,0.006
315.85081,11.473,0.006
315.85153,11.474,0.006
315.85224,11.482,0.006
316.06925,11.465,0.002
316.08049,11.463,0.002
316.0917,11.467,0.002
316.10292,11.46,0.002
316.11415,11.461,0.002
316.13658,11.468,0.003
316.1478,11.468,0.003
316.15902,11.474,0.003
316.17026,11.473,0.004
316.18146,11.469,0.004
316.19269,11.474,0.004
317.06432,11.448,0.002
317.07553,11.456,0.002
317.08674,11.447,0.002
317.09793,11.454,0.002
317.10916,11.449,0.002
317.12037,11.46,0.002
317.1316,11.458,0.002
317.14281,11.457,0.002
317.15404,11.458,0.003
317.16527,11.45,0.003
317.17651,11.446,0.003
317.18776,11.451,0.003
317.19898,11.461,0.003
319.05507,11.482,0.086
319.0932,11.533,0.004
319.09363,11.53,0.004
319.09408,11.535,0.004
319.09882,11.532,0.004
319.09926,11.532,0.004
319.09971,11.534,0.004
319.10445,11.536,0.004
319.10489,11.537,0.004
319.10533,11.53,0.004
319.11009,11.532,0.004
319.11053,11.529,0.004
319.11096,11.537,0.004
319.11571,11.541,0.004
319.11615,11.538,0.004
319.11659,11.54,0.004
319.12135,11.54,0.004
319.12179,11.532,0.004
319.12224,11.534,0.004
319.12698,11.542,0.004
319.12743,11.531,0.004
319.12787,11.538,0.004
320.058,11.491,0.067
321.82116,11.461,0.004
321.82188,11.462,0.004
321.82258,11.462,0.004
321.82329,11.459,0.004
321.82399,11.464,0.004
322.81321,11.451,0.004
322.81391,11.461,0.004
322.81463,11.47,0.004
322.81534,11.458,0.004
322.81606,11.462,0.004
324.15369,11.491,0.02
324.23767,11.491,0.02
324.34012,11.486,0.02
331.32084,11.505,0.02
332.13375,11.483,0.02
332.21728,11.493,0.02
332.31913,11.497,0.02
333.13574,11.488,0.02
333.21956,11.498,0.02
333.31397,11.491,0.02
334.13369,11.487,0.02
334.21689,11.504,0.02
334.31044,11.509,0.02
334.80426,11.455,0.005
334.80522,11.465,0.005
334.80617,11.458,0.005
334.80713,11.465,0.005
334.80809,11.453,0.005
335.90916,11.464,0.005
335.90985,11.453,0.005
335.91056,11.456,0.005
335.91126,11.458,0.005
335.91197,11.45,0.005
337.12446,11.45,0.061
337.78399,11.461,0.005
337.7847,11.459,0.005
337.78542,11.465,0.005
337.78612,11.467,0.005
337.78684,11.46,0.005
338.78544,11.464,0.007
338.78615,11.431,0.014
338.78687,11.451,0.008
338.78757,11.437,0.01
338.78828,11.471,0.007
340.78787,11.473,0.004
340.78858,11.46,0.004
340.78928,11.461,0.004
340.78999,11.459,0.004
340.79071,11.453,0.004
342.87323,11.46,0.004
342.87412,11.46,0.004
342.87496,11.454,0.004
342.87566,11.461,0.004
342.87637,11.467,0.004
342.87707,11.457,0.004
342.87778,11.462,0.004
345.20953,11.49,0.02
346.1059,11.482,0.02
346.19912,11.495,0.02
346.29283,11.513,0.02
346.86251,11.46,0.004
346.86322,11.449,0.004
346.86393,11.466,0.004
346.86462,11.458,0.004
346.86533,11.456,0.004
347.77413,11.474,0.004
347.77485,11.466,0.004
347.77556,11.473,0.005
347.77627,11.469,0.005
347.77698,11.47,0.005
348.13693,11.499,0.02
348.23038,11.497,0.02
348.87433,11.458,0.005
348.87504,11.462,0.004
348.87574,11.462,0.004
348.87645,11.464,0.005
348.87717,11.461,0.005
349.0282,11.482,0.036
349.03257,11.49,0.043
349.03696,11.493,0.041
349.04134,11.49,0.032
349.04572,11.494,0.035
349.05011,11.487,0.034
349.05448,11.5,0.035
349.05887,11.507,0.03
349.06324,11.484,0.058
349.06762,11.484,0.048
349.072,11.51,0.037
349.07638,11.497,0.041
349.08077,11.497,0.04
349.08514,11.497,0.04
349.08952,11.481,0.032
349.0939,11.498,0.035
349.09828,11.487,0.042
349.10266,11.505,0.044
349.10704,11.506,0.043
349.11144,11.496,0.034
349.11582,11.505,0.038
349.1202,11.515,0.043
349.12457,11.495,0.041
349.12895,11.497,0.042
349.13334,11.505,0.04
349.13771,11.499,0.047
349.90008,11.459,0.004
349.9008,11.467,0.004
349.90151,11.466,0.004
349.90221,11.464,0.004
349.90292,11.453,0.004
350.02062,11.431,0.002
350.03147,11.43,0.003
350.04232,11.435,0.003
350.11305,11.488,0.02
350.20681,11.495,0.02
351.90118,11.464,0.004
351.90189,11.464,0.005
351.90259,11.464,0.005
351.90331,11.477,0.004
351.90402,11.459,0.004
352.06146,11.39,0.002
352.07482,11.402,0.002
352.08817,11.404,0.002
352.10156,11.417,0.002
352.11492,11.41,0.002
352.1283,11.412,0.002
352.14166,11.411,0.002
352.15501,11.411,0.002
352.16837,11.412,0.002
352.18173,11.401,0.002
353.04213,11.434,0.001
353.05549,11.423,0.002
353.06886,11.416,0.002
353.08224,11.412,0.003
353.09558,11.425,0.007
354.04034,11.447,0.001
354.05368,11.446,0.001
354.06704,11.445,0.001
354.08036,11.437,0.001
354.09369,11.427,0.002
354.10254,11.483,0.02
354.10702,11.422,0.002
354.12035,11.417,0.002
354.13371,11.418,0.002
354.14706,11.405,0.002
354.16042,11.405,0.002
354.19593,11.504,0.02
354.83318,11.467,0.005
354.83395,11.461,0.005
354.83471,11.465,0.005
354.83548,11.464,0.005
354.83624,11.463,0.005
358.11306,11.494,0.02
358.20701,11.479,0.02
359.1131,11.496,0.02
359.20696,11.573,0.02
360.1131,11.495,0.02
360.2068,11.52,0.02
361.10618,11.479,0.02
361.19999,11.484,0.02
361.75183,11.467,0.004
361.75254,11.468,0.004
361.75324,11.473,0.004
361.75395,11.471,0.004
361.75465,11.467,0.004
362.10591,11.51,0.02
362.19905,11.51,0.02
362.77384,11.466,0.004
362.77455,11.467,0.004
362.77527,11.463,0.004
362.77597,11.46,0.004
362.77668,11.47,0.004
363.00843,11.437,0.002
363.02043,11.43,0.002
363.03243,11.441,0.002
363.04443,11.431,0.002
363.05643,11.43,0.003
363.06843,11.431,0.003
363.08043,11.427,0.003
363.09243,11.431,0.003
363.10443,11.425,0.003
363.11643,11.431,0.003
363.12743,11.433,0.003
363.13943,11.431,0.003
363.15143,11.427,0.003
363.16343,11.429,0.003
368.12671,11.512,0.02
368.20563,11.505,0.02
369.76718,11.454,0.004
369.76809,11.452,0.005
369.7688,11.456,0.005
369.76952,11.459,0.005
369.77022,11.453,0.005
369.79524,11.471,0.005
369.79544,11.476,0.005
369.79564,11.472,0.005
369.79584,11.464,0.005
369.79602,11.47,0.005
370.1168,11.443,0.02
370.21129,11.453,0.02
370.75824,11.466,0.005
370.75844,11.471,0.005
370.75864,11.463,0.005
370.75882,11.467,0.005
370.75902,11.464,0.005
371.11639,11.46,0.02
371.21026,11.462,0.02
373.11864,11.51,0.085
373.12805,11.473,0.087
373.78945,11.466,0.005
373.78964,11.463,0.005
373.78984,11.471,0.005
373.79004,11.471,0.005
373.79022,11.466,0.005
374.12637,11.443,0.02
375.12681,11.433,0.02
375.69835,11.48,0.015
375.76489,11.46,0.005
375.76508,11.46,0.005
375.76528,11.463,0.005
375.76546,11.463,0.005
375.76566,11.462,0.005
377.77661,11.468,0.004
377.77681,11.457,0.004
377.77699,11.456,0.004
377.77719,11.464,0.005
377.77739,11.463,0.005
379.0117,11.462,0.002
379.02366,11.462,0.002
379.03564,11.448,0.002
379.04758,11.461,0.003
379.05956,11.458,0.003
379.07153,11.449,0.003
379.0835,11.451,0.003
379.09544,11.458,0.003
379.10742,11.459,0.004
379.11939,11.464,0.004
379.13136,11.453,0.004
379.99423,11.434,0.002
380.00619,11.433,0.002
380.01815,11.438,0.002
380.03014,11.44,0.002
380.04212,11.432,0.002
380.05409,11.435,0.002
380.06603,11.439,0.002
380.078,11.429,0.002
380.08997,11.432,0.002
380.10191,11.438,0.002
380.11384,11.441,0.002
380.12581,11.44,0.002
380.13778,11.431,0.002
380.14975,11.438,0.002
380.1617,11.442,0.002
381.11868,11.44,0.02
381.99798,11.427,0.002
382.00998,11.427,0.002
382.02196,11.43,0.002
382.03396,11.431,0.002
382.04594,11.431,0.002
382.05791,11.423,0.002
382.06986,11.424,0.002
382.08182,11.425,0.002
382.09379,11.427,0.002
382.10573,11.434,0.002
382.11769,11.434,0.002
382.12967,11.43,0.002
382.14163,11.428,0.002
382.15358,11.434,0.002
382.15714,11.467,0.02
382.16555,11.439,0.002
382.17747,11.434,0.002
382.18942,11.431,0.002
384.12325,11.493,0.02
386.72822,11.453,0.005
386.72842,11.457,0.005
388.12672,11.512,0.02
389.11636,11.494,0.02
390.13516,11.477,0.02
393.11877,11.484,0.02
394.12471,11.481,0.02
395.00033,11.441,0.001
395.01228,11.438,0.001
395.02424,11.44,0.001
395.03622,11.438,0.001
395.0482,11.437,0.001
395.06019,11.435,0.001
395.07214,11.438,0.001
395.08411,11.434,0.001
395.0961,11.436,0.001
395.10807,11.442,0.001
395.11612,11.475,0.02
395.12004,11.443,0.001
395.132,11.434,0.001
395.14396,11.44,0.002
395.15592,11.436,0.002
396.11078,11.458,0.02
397.71603,11.415,0.008
397.71622,11.437,0.007
398.12646,11.511,0.02
398.15174,11.495,0.053
399.13554,11.475,0.02
400.72221,11.431,0.005
400.72241,11.432,0.005
401.99571,11.443,0.002
402.00764,11.452,0.002
402.01959,11.454,0.002
402.03154,11.445,0.002
402.0435,11.442,0.002
402.05548,11.439,0.002
402.06744,11.435,0.002
402.07943,11.45,0.002
402.0914,11.438,0.002
402.10336,11.45,0.002
402.11531,11.462,0.002
402.12731,11.457,0.002
402.1393,11.464,0.002
402.15129,11.442,0.002
402.16327,11.459,0.003
403.76669,11.443,0.005
403.76689,11.449,0.005
404.71934,11.442,0.005
404.71954,11.453,0.005
405.11165,11.499,0.02
405.71419,11.443,0.006
405.71439,11.442,0.006
406.11236,11.504,0.02
407.11032,11.439,0.02
408.72783,11.431,0.005
408.72801,11.441,0.005
410.72041,11.452,0.012
410.7206,11.453,0.013
414.10375,11.55,0.02
414.73442,11.478,0.012
414.73461,11.444,0.011
415.1037,11.543,0.02
419.71493,11.4,0.031
419.71513,11.435,0.03
420.723,11.291,0.01
420.7232,11.273,0.01
431.7303,11.437,0.006
431.7305,11.441,0.006
432.72886,11.441,0.006
432.72957,11.446,0.006
438.73498,11.463,0.011
438.73518,11.421,0.01
441.73671,11.456,0.006
441.73691,11.459,0.008
452.82126,11.462,0.016
452.82196,11.448,0.016
453.74538,11.448,0.009
453.74609,11.441,0.008
454.73695,11.417,0.008
454.73714,11.44,0.009
456.73853,11.436,0.007
456.73872,11.444,0.007
462.74237,11.426,0.009
462.74257,11.444,0.009
479.78964,11.507,0.03
479.78984,11.43,0.029
480.75983,11.448,0.015
480.76001,11.459,0.014
481.75524,11.471,0.015
481.75544,11.438,0.015
495.318875,11.56,0.01
495.320114,11.542,0.01
498.331418,11.547,0.01
498.332455,11.545,0.01
501.360172,11.531,0.01
501.36141,11.532,0.01
505.312753,11.537,0.01
505.313991,11.526,0.01
506.50828,11.475,0.02
507.28538,11.554,0.01
507.286634,11.567,0.01
509.50258,11.474,0.02
510.50033,11.483,0.02
512.49185,11.496,0.02
513.49839,11.471,0.02
514.26855,11.557,0.01
514.26979,11.558,0.01
514.48743,11.485,0.02
515.48478,11.476,0.02
516.4951,11.486,0.02
519.25262,11.546,0.005
520.48422,11.48,0.02
521.32679,11.556,0.002
526.44636,11.476,0.02
526.49966,11.488,0.02
529.4499,11.502,0.02
530.27454,11.551,0.002
532.45134,11.477,0.02
539.42716,11.499,0.02
539.4724,11.477,0.02
542.40327,11.49,0.02
542.45635,11.487,0.02
543.41008,11.486,0.02
543.45372,11.478,0.02
544.40494,11.514,0.02
545.23912,11.57,0.004
545.40639,11.473,0.02
545.47449,11.5,0.02
546.41158,11.46,0.02
547.40596,11.479,0.02
547.45091,11.486,0.02
548.39665,11.47,0.02
548.43983,11.468,0.02
549.3947,11.51,0.02
549.43839,11.475,0.02
550.38927,11.487,0.02
550.44251,11.497,0.02
551.30295,11.558,0.004
553.38997,11.477,0.02
553.43365,11.5,0.02
556.25238,11.565,0.002
557.37516,11.473,0.02
557.41855,11.484,0.02
558.37461,11.505,0.02
558.41781,11.495,0.02
559.35775,11.475,0.02
559.41303,11.487,0.02
560.37596,11.455,0.02
560.41948,11.482,0.02
561.36406,11.478,0.02
561.40739,11.478,0.02
562.28234,11.504,0.04
566.34598,11.528,0.02
566.41324,11.544,0.02
567.36979,11.538,0.02
567.41324,11.508,0.02
568.33328,11.465,0.02
568.38661,11.463,0.02
568.45582,11.43,0.02
569.33085,11.455,0.02
569.3846,11.422,0.02
570.16385,11.568,0.002
570.33516,11.514,0.02
570.38885,11.495,0.02
570.45865,11.471,0.02
573.15744,11.561,0.005
575.28036,11.569,0.004
575.91454,11.456,0.013
575.91524,11.584,0.043
576.31919,11.51,0.02
576.37246,11.515,0.02
576.44159,11.495,0.02
577.13153,11.579,0.005
577.13197,11.539,0.005
577.13242,11.553,0.005
577.14258,11.555,0.005
577.14303,11.544,0.004
577.14348,11.548,0.004
577.14815,11.55,0.004
577.1486,11.55,0.004
577.14904,11.546,0.004
577.15373,11.548,0.004
577.15417,11.542,0.004
577.15462,11.537,0.004
577.15929,11.557,0.004
577.15974,11.55,0.004
577.16019,11.56,0.004
577.16489,11.542,0.004
577.16534,11.558,0.004
577.16578,11.546,0.004
577.17045,11.548,0.004
577.1709,11.558,0.004
577.17135,11.551,0.004
577.17602,11.554,0.004
577.17647,11.542,0.004
577.17692,11.555,0.004
577.18159,11.553,0.004
577.18204,11.54,0.004
577.18248,11.543,0.004
577.19267,11.547,0.004
577.19312,11.551,0.004
577.19356,11.557,0.004
577.19826,11.553,0.004
577.19871,11.548,0.004
577.19915,11.553,0.004
577.20384,11.55,0.004
577.20429,11.541,0.004
577.20474,11.557,0.004
577.20942,11.55,0.004
577.20986,11.559,0.004
577.21031,11.548,0.004
577.21499,11.553,0.004
577.21544,11.548,0.004
577.21589,11.55,0.004
577.22057,11.542,0.004
577.22101,11.552,0.004
577.22146,11.545,0.004
577.22614,11.551,0.004
577.22658,11.55,0.004
577.22703,11.558,0.004
577.23171,11.553,0.004
577.23216,11.55,0.004
577.2326,11.548,0.004
577.2373,11.543,0.004
577.23774,11.551,0.004
577.23819,11.542,0.004
577.24286,11.553,0.004
577.24331,11.551,0.004
577.24375,11.557,0.004
577.24844,11.554,0.004
577.24889,11.543,0.004
577.24933,11.554,0.004
577.25402,11.554,0.004
577.25447,11.548,0.004
577.25491,11.553,0.004
577.25959,11.553,0.004
577.26004,11.545,0.004
577.26048,11.552,0.004
577.26455,11.465,0.002
577.26947,11.46,0.002
577.27064,11.543,0.004
577.27109,11.557,0.004
577.27155,11.544,0.004
577.2744,11.463,0.002
577.27623,11.54,0.004
577.27668,11.55,0.004
577.27712,11.545,0.004
577.27931,11.467,0.002
577.28182,11.548,0.004
577.28226,11.553,0.004
577.28271,11.549,0.004
577.28423,11.469,0.002
577.28913,11.464,0.002
577.29286,11.548,0.004
577.2933,11.549,0.004
577.29375,11.548,0.004
577.29404,11.464,0.002
577.29843,11.547,0.004
577.29887,11.554,0.004
577.29896,11.463,0.002
577.29932,11.556,0.004
577.30389,11.467,0.002
577.304,11.548,0.004
577.30445,11.55,0.004
577.3049,11.551,0.004
577.30797,11.478,0.02
577.3088,11.464,0.002
577.30959,11.55,0.004
577.31003,11.552,0.004
577.31048,11.547,0.004
577.31373,11.466,0.002
577.31517,11.556,0.004
577.31562,11.55,0.004
577.31607,11.551,0.004
577.31867,11.466,0.002
577.32075,11.549,0.004
577.32119,11.556,0.004
577.32164,11.544,0.004
577.3236,11.465,0.002
577.32632,11.549,0.004
577.32676,11.548,0.004
577.32721,11.55,0.004
577.32853,11.473,0.002
577.3319,11.545,0.004
577.33235,11.55,0.004
577.33279,11.549,0.004
577.33749,11.549,0.004
577.33793,11.546,0.004
577.33838,11.544,0.004
577.34306,11.552,0.004
577.3435,11.545,0.005
577.34395,11.54,0.004
577.36127,11.503,0.02
577.43062,11.497,0.02
577.91227,11.462,0.009
577.91246,11.441,0.009
578.17836,11.555,0.01
578.1796,11.56,0.01
579.31333,11.482,0.02
579.35695,11.444,0.02
579.39722,11.459,0.043
579.42696,11.515,0.02
579.87093,11.426,0.019
579.87165,11.424,0.021
579.87235,11.402,0.023
579.87305,11.427,0.024
579.87376,11.449,0.024
579.87445,11.462,0.025
579.87516,11.465,0.024
579.87586,11.452,0.022
579.87657,11.478,0.028
579.87726,11.431,0.025
579.87797,11.431,0.025
579.87868,11.425,0.022
579.87938,11.415,0.017
579.88008,11.462,0.014
579.88078,11.446,0.014
579.88149,11.452,0.014
579.8822,11.447,0.014
579.8829,11.429,0.014
579.8836,11.452,0.013
579.8843,11.438,0.012
579.88501,11.453,0.011
579.88571,11.42,0.013
579.88642,11.439,0.014
579.88711,11.424,0.016
579.88782,11.449,0.013
579.88853,11.439,0.013
579.88923,11.454,0.012
579.88993,11.438,0.012
579.89063,11.432,0.012
579.89134,11.446,0.011
579.89204,11.433,0.011
579.89274,11.407,0.012
579.89345,11.439,0.012
579.89415,11.432,0.012
579.89486,11.444,0.011
579.89556,11.447,0.012
579.89626,11.424,0.014
579.89696,11.455,0.012
579.89767,11.455,0.012
579.89838,11.439,0.012
579.89908,11.436,0.011
579.89978,11.442,0.012
579.90048,11.422,0.012
579.90119,11.445,0.011
579.90189,11.406,0.011
579.90259,11.436,0.01
579.90329,11.448,0.009
579.904,11.446,0.009
579.90471,11.436,0.009
579.90541,11.443,0.009
579.90611,11.444,0.008
579.90681,11.441,0.009
579.90752,11.436,0.009
579.90823,11.432,0.009
579.90892,11.442,0.008
579.90963,11.462,0.008
579.91033,11.442,0.008
579.91104,11.444,0.008
579.91174,11.442,0.008
579.91244,11.458,0.008
579.91314,11.443,0.008
579.91385,11.449,0.008
579.91456,11.451,0.007
579.91526,11.434,0.008
579.91596,11.449,0.007
579.91666,11.45,0.007
579.91737,11.44,0.008
579.91807,11.446,0.007
579.91878,11.44,0.007
579.91948,11.436,0.008
579.92018,11.437,0.008
579.92089,11.431,0.009
579.92159,11.431,0.009
579.9223,11.438,0.009
579.92301,11.443,0.009
579.9237,11.437,0.007
579.92441,11.442,0.008
579.92511,11.441,0.009
579.92582,11.437,0.008
579.92651,11.447,0.007
579.92722,11.436,0.007
579.92792,11.446,0.007
579.92863,11.439,0.008
579.92934,11.429,0.007
579.93003,11.451,0.007
579.93074,11.432,0.007
579.93144,11.439,0.007
579.93215,11.437,0.007
579.93285,11.437,0.007
579.93356,11.445,0.007
579.93427,11.431,0.007
579.93496,11.449,0.008
579.93567,11.435,0.008
579.93637,11.436,0.008
579.93708,11.437,0.007
579.93779,11.434,0.007
579.93849,11.434,0.007
579.9392,11.439,0.007
579.9399,11.437,0.007
579.9406,11.445,0.007
579.94132,11.429,0.007
579.94202,11.441,0.007
579.94273,11.436,0.007
579.94343,11.426,0.007
579.94414,11.44,0.007
579.94485,11.431,0.007
579.94554,11.44,0.007
579.94625,11.437,0.008
579.94695,11.454,0.008
579.94766,11.45,0.008
579.94836,11.445,0.008
579.94907,11.444,0.007
579.94976,11.437,0.008
579.95047,11.427,0.008
579.95118,11.443,0.009
579.95188,11.442,0.009
579.95259,11.434,0.008
579.95329,11.442,0.008
579.954,11.446,0.008
579.9547,11.422,0.008
580.30825,11.49,0.02
580.31306,11.479,0.049
580.36174,11.479,0.02
580.43095,11.523,0.02
581.05533,11.464,0.037
581.24013,11.552,0.002
581.3087,11.484,0.02
581.3523,11.493,0.02
581.42202,11.508,0.02
582.06709,11.477,0.035
582.29367,11.495,0.058
583.06345,11.47,0.04
583.30825,11.507,0.02
583.35163,11.504,0.02
583.42077,11.496,0.02
584.05552,11.453,0.054
584.30909,11.508,0.02
584.35276,11.498,0.02
584.42262,11.507,0.02
585.30019,11.481,0.02
585.3456,11.457,0.02
585.41878,11.456,0.02
586.93307,11.445,0.008
586.93327,11.451,0.007
587.05505,11.46,0.041
587.901,11.436,0.01
587.90169,11.464,0.009
588.16853,11.47,0.029
588.1805,11.481,0.029
588.19248,11.483,0.028
588.20445,11.487,0.03
588.21641,11.479,0.029
588.22838,11.481,0.03
588.24037,11.484,0.029
590.06607,11.113,0.002
590.26137,11.536,0.004
590.26182,11.543,0.004
590.26226,11.543,0.004
590.26692,11.542,0.004
590.26737,11.547,0.004
590.26781,11.544,0.004
590.26825,11.559,0.003
590.27247,11.549,0.004
590.27291,11.55,0.004
590.27336,11.547,0.004
590.27803,11.533,0.004
590.27847,11.546,0.004
590.27892,11.551,0.004
590.28357,11.538,0.004
590.28402,11.532,0.004
590.28446,11.549,0.004
590.28913,11.547,0.004
590.28958,11.551,0.004
590.29002,11.539,0.004
590.29469,11.546,0.004
590.29513,11.545,0.004
590.29558,11.536,0.004
590.30025,11.544,0.004
590.3007,11.537,0.004
590.30114,11.549,0.004
590.30581,11.533,0.004
590.30626,11.536,0.004
590.3067,11.543,0.004
590.31137,11.542,0.004
590.31181,11.541,0.004
590.31226,11.543,0.004
590.31694,11.54,0.004
590.31738,11.543,0.004
590.31783,11.547,0.004
590.32251,11.543,0.004
590.32296,11.551,0.004
590.32341,11.549,0.004
590.32808,11.544,0.004
590.32853,11.543,0.004
590.32898,11.542,0.004
590.33366,11.539,0.004
590.3341,11.547,0.004
590.33454,11.548,0.004
590.33922,11.54,0.004
590.33967,11.543,0.004
590.34011,11.547,0.004
590.34479,11.545,0.005
590.34524,11.544,0.005
590.34568,11.547,0.005
590.35036,11.538,0.007
590.35081,11.548,0.007
590.35125,11.542,0.008
590.35594,11.515,0.014
590.35639,11.557,0.015
592.14913,11.494,0.03
592.16115,11.484,0.029
592.17309,11.483,0.03
592.18511,11.492,0.029
592.19712,11.483,0.029
592.20912,11.487,0.03
592.22111,11.49,0.031
592.23305,11.484,0.029
592.24508,11.478,0.028
593.14295,11.487,0.03
593.15491,11.492,0.03
593.16687,11.492,0.03
595.10286,11.56,0.007
596.10087,11.56,0.006
596.88989,11.455,0.013
596.89059,11.434,0.012
598.1017,11.57,0.004
598.26779,11.444,0.02
598.31118,11.439,0.02
598.38041,11.463,0.02
598.44964,11.486,0.02
598.95251,11.455,0.008
598.95271,11.437,0.009
599.12808,11.564,0.019
600.07702,11.573,0.005
600.07747,11.555,0.005
600.07793,11.559,0.005
600.08263,11.557,0.005
600.08308,11.559,0.005
600.08352,11.55,0.005
600.08823,11.556,0.005
600.08868,11.541,0.005
600.08913,11.556,0.005
600.09384,11.554,0.005
600.09429,11.551,0.005
600.09474,11.547,0.005
600.09943,11.559,0.005
600.0999,11.568,0.005
600.10034,11.552,0.005
600.10503,11.549,0.005
600.10548,11.563,0.005
600.10593,11.561,0.005
600.11061,11.544,0.005
600.11105,11.566,0.005
600.1115,11.559,0.005
600.11619,11.561,0.005
600.11664,11.56,0.005
600.11708,11.557,0.005
600.12179,11.55,0.005
600.12224,11.564,0.005
600.12269,11.566,0.005
600.12739,11.562,0.005
600.12783,11.555,0.005
600.12827,11.551,0.005
600.13297,11.569,0.005
600.13341,11.555,0.005
600.13386,11.559,0.005
600.13859,11.57,0.005
600.13904,11.549,0.005
600.13949,11.561,0.005
600.14418,11.562,0.005
600.14463,11.558,0.005
600.14508,11.546,0.005
600.14978,11.546,0.005
600.15023,11.561,0.005
600.15068,11.564,0.005
600.15536,11.549,0.005
600.15581,11.561,0.005
600.15626,11.559,0.005
600.2538,11.494,0.02
600.30747,11.503,0.02
600.37737,11.515,0.02
600.44722,11.496,0.02
600.91122,11.469,0.008
600.91192,11.462,0.008
601.26437,11.482,0.02
601.30809,11.491,0.02
601.37796,11.512,0.02
601.44779,11.502,0.02
601.90614,11.426,0.01
601.90684,11.42,0.009
601.90754,11.465,0.01
601.90824,11.446,0.01
601.90894,11.441,0.009
601.90964,11.439,0.01
601.91034,11.439,0.009
601.91104,11.458,0.009
601.91174,11.445,0.009
601.91244,11.434,0.01
601.91314,11.448,0.01
601.91384,11.442,0.009
601.91454,11.454,0.01
601.91524,11.447,0.009
601.91594,11.444,0.01
601.91665,11.446,0.01
601.91734,11.439,0.009
601.91803,11.44,0.01
601.91874,11.45,0.009
601.91943,11.455,0.011
601.92014,11.442,0.01
601.92084,11.44,0.012
601.92154,11.457,0.01
601.92224,11.463,0.01
601.92294,11.453,0.01
601.92364,11.434,0.011
601.92434,11.465,0.012
601.92504,11.436,0.011
601.92574,11.445,0.011
601.92644,11.43,0.011
601.92714,11.452,0.011
601.92784,11.442,0.011
601.92854,11.453,0.011
601.92924,11.45,0.009
601.92994,11.469,0.01
601.93064,11.457,0.01
601.93134,11.468,0.009
601.93204,11.442,0.009
601.93274,11.435,0.008
601.93344,11.452,0.008
601.93415,11.451,0.008
601.93484,11.448,0.008
601.93555,11.449,0.008
601.93624,11.445,0.008
601.93695,11.457,0.008
601.93764,11.455,0.008
601.93834,11.447,0.009
601.93904,11.442,0.01
601.93974,11.474,0.01
601.94044,11.435,0.01
601.94114,11.448,0.01
601.94184,11.467,0.01
601.94254,11.423,0.011
601.94324,11.449,0.012
601.94394,11.462,0.011
601.94464,11.459,0.01
601.94535,11.442,0.009
601.94604,11.452,0.009
601.94675,11.437,0.013
601.94744,11.464,0.016
601.94814,11.456,0.008
601.94884,11.439,0.008
601.94955,11.442,0.008
601.95024,11.446,0.009
601.95095,11.444,0.009
601.95165,11.446,0.009
601.95234,11.454,0.008
601.95305,11.47,0.01
601.95374,11.45,0.009
601.95445,11.456,0.008
601.95515,11.452,0.008
601.95585,11.451,0.009
601.95655,11.459,0.01
601.95725,11.467,0.009
601.95795,11.442,0.01
601.95865,11.444,0.008
601.95935,11.455,0.008
601.96006,11.452,0.008
601.96075,11.444,0.008
601.96146,11.444,0.007
601.96217,11.449,0.007
601.96286,11.44,0.007
601.96357,11.456,0.007
601.96426,11.452,0.007
601.96497,11.459,0.007
601.96567,11.449,0.008
601.96637,11.453,0.007
601.96707,11.447,0.007
601.96778,11.445,0.007
601.96847,11.451,0.008
601.96918,11.455,0.007
601.96989,11.456,0.007
601.97058,11.457,0.007
601.97129,11.448,0.007
601.97198,11.454,0.008
601.97269,11.447,0.008
601.97338,11.442,0.009
601.97409,11.457,0.008
601.97479,11.449,0.009
601.9755,11.447,0.009
602.24885,11.473,0.02
602.30228,11.529,0.02
602.37162,11.512,0.02
602.44097,11.511,0.02
603.24882,11.5,0.02
603.29222,11.489,0.02
603.36147,11.495,0.02
603.43075,11.489,0.02
604.24869,11.481,0.02
604.29211,11.5,0.02
604.3614,11.515,0.02
604.43061,11.51,0.02
605.24959,11.5,0.02
605.29316,11.512,0.02
605.36294,11.509,0.02
605.43272,11.502,0.02
606.24892,11.521,0.02
606.29224,11.483,0.02
606.36139,11.492,0.02
606.95299,11.448,0.006
606.95376,11.453,0.006
607.08073,11.494,0.013
607.9126,11.443,0.01
607.91335,11.436,0.01
608.11814,11.484,0.03
608.13008,11.478,0.031
608.14204,11.482,0.028
608.15399,11.48,0.03
608.16595,11.486,0.029
608.17793,11.477,0.031
608.18989,11.474,0.031
608.20185,11.46,0.029
608.21381,11.456,0.03
608.22577,11.432,0.003
608.92476,11.441,0.007
608.92502,11.449,0.007
609.07112,11.47,0.038
609.31779,11.534,0.004
609.31823,11.534,0.004
609.31871,11.532,0.004
609.32351,11.534,0.004
609.32397,11.528,0.004
609.32442,11.531,0.004
609.32926,11.54,0.004
609.32972,11.526,0.004
609.33019,11.531,0.004
610.11786,11.56,0.002
610.91802,11.466,0.007
610.91826,11.457,0.007
613.10445,11.563,0.003
613.9289,11.453,0.007
613.92915,11.459,0.006
614.10568,11.582,0.002
615.13131,11.478,0.029
615.14268,11.481,0.028
615.15406,11.476,0.028
615.16546,11.484,0.03
615.17685,11.484,0.029
615.18823,11.476,0.029
615.211,11.475,0.031
615.23379,11.452,0.002
616.21352,11.51,0.02
616.25685,11.487,0.02
616.3261,11.49,0.02
616.39519,11.518,0.02
617.2267,11.492,0.02
617.27049,11.493,0.02
617.34034,11.506,0.02
617.41029,11.519,0.02
618.25453,11.459,0.02
618.32382,11.476,0.02
618.39314,11.508,0.02
619.20438,11.475,0.02
619.24771,11.465,0.02
619.31696,11.49,0.02
619.34688,11.516,0.004
619.38611,11.449,0.02
619.92095,11.455,0.007
619.9212,11.466,0.007
620.91172,11.457,0.011
620.91196,11.451,0.014
621.12497,11.563,0.003
622.89437,11.435,0.012
622.89461,11.449,0.012
622.90972,11.455,0.009
622.91048,11.479,0.009
622.91123,11.466,0.009
622.912,11.459,0.009
622.91276,11.451,0.009
622.91351,11.464,0.009
622.91428,11.456,0.009
622.91504,11.459,0.009
622.91579,11.467,0.009
622.91656,11.469,0.009
622.91732,11.452,0.008
622.91807,11.457,0.008
622.91884,11.463,0.008
622.91959,11.453,0.009
622.92035,11.46,0.008
622.92112,11.46,0.009
622.92187,11.46,0.009
622.92263,11.481,0.009
622.9234,11.447,0.008
622.92415,11.445,0.008
622.92491,11.483,0.008
622.92568,11.465,0.008
622.92643,11.464,0.008
622.9272,11.457,0.008
622.92795,11.461,0.009
622.92871,11.449,0.009
622.92948,11.462,0.008
622.93023,11.464,0.008
622.93099,11.453,0.008
622.93176,11.447,0.008
622.93251,11.454,0.008
622.93327,11.465,0.008
622.93402,11.459,0.008
622.93479,11.453,0.008
622.93555,11.465,0.008
622.9363,11.461,0.008
622.93707,11.456,0.008
622.93783,11.464,0.008
622.93858,11.456,0.008
622.93935,11.469,0.008
622.9401,11.452,0.008
622.94086,11.463,0.008
622.94163,11.457,0.008
622.94238,11.467,0.008
622.94314,11.447,0.008
622.94391,11.449,0.008
622.94466,11.473,0.008
622.94542,11.459,0.008
622.94619,11.47,0.008
622.94694,11.458,0.008
622.9477,11.454,0.008
622.94846,11.461,0.01
622.94922,11.472,0.008
622.94998,11.459,0.008
622.95074,11.462,0.008
622.9515,11.463,0.008
622.95225,11.455,0.008
622.95302,11.468,0.008
622.95377,11.47,0.008
622.95453,11.451,0.008
622.9553,11.454,0.008
622.95605,11.461,0.008
622.95681,11.47,0.008
622.95758,11.456,0.008
622.95833,11.461,0.008
622.95909,11.459,0.008
622.95986,11.464,0.008
622.96061,11.453,0.007
622.96137,11.463,0.008
622.96214,11.447,0.007
622.96289,11.458,0.008
622.96365,11.47,0.007
622.96441,11.46,0.008
622.96517,11.455,0.008
622.96593,11.455,0.007
622.96669,11.456,0.007
622.96745,11.449,0.008
622.9682,11.475,0.008
622.96897,11.466,0.007
622.96973,11.466,0.007
622.97048,11.461,0.008
622.97125,11.453,0.008
622.972,11.47,0.008
622.97276,11.465,0.008
622.97353,11.46,0.008
622.97428,11.455,0.008
622.97504,11.462,0.008
622.97581,11.455,0.008
622.97656,11.454,0.008
622.97732,11.469,0.008
622.97807,11.465,0.007
622.97884,11.459,0.007
622.9796,11.463,0.007
622.98035,11.464,0.007
622.98112,11.46,0.007
622.98188,11.468,0.007
622.98263,11.463,0.007
622.9834,11.452,0.007
622.98415,11.46,0.007
622.98491,11.467,0.007
623.10538,11.562,0.002
624.19277,11.479,0.02
624.23649,11.471,0.02
624.30647,11.47,0.02
624.37636,11.494,0.02
625.1926,11.483,0.02
625.2363,11.467,0.02
625.30617,11.502,0.02
625.37593,11.481,0.02
625.46966,11.5,0.02
625.90843,11.463,0.009
625.90869,11.474,0.009
627.89603,11.457,0.008
627.89628,11.464,0.008
628.13157,11.56,0.004
629.90634,11.472,0.007
629.90658,11.463,0.007
631.10562,11.569,0.003
631.89446,11.464,0.007
631.89472,11.471,0.007
634.11508,11.493,0.011
634.12564,11.494,0.01
634.13623,11.497,0.011
634.14682,11.493,0.01
634.15739,11.498,0.011
634.17853,11.494,0.011
634.18911,11.499,0.011
634.22084,11.495,0.011
634.23143,11.483,0.01
635.10824,11.494,0.011
635.11814,11.489,0.011
635.12801,11.497,0.011
635.13792,11.496,0.01
635.14779,11.494,0.01
635.1577,11.494,0.01
635.16759,11.498,0.01
635.17748,11.483,0.01
635.18736,11.464,0.01
635.19726,11.437,0.01
635.20714,11.435,0.01
635.21702,11.417,0.01
635.22689,11.422,0.013
635.23678,11.415,0.012
635.24667,11.389,0.01
637.12944,11.562,0.002
639.1739,11.555,0.002
641.09888,11.561,0.002
643.11467,11.55,0.005
644.13309,11.559,0.002
647.24443,11.52,0.004
648.20693,11.532,0.004
650.20437,11.407,0.04
652.17811,11.485,0.02
652.24806,11.561,0.02
652.31798,11.536,0.02
652.41184,11.508,0.02
654.21445,11.531,0.005
655.0848,11.575,0.004
655.17534,11.515,0.02
655.18821,11.529,0.005
655.24451,11.485,0.02
655.31364,11.499,0.02
655.40668,11.505,0.02
656.20166,11.534,0.004
657.18094,11.524,0.004
657.27052,11.574,0.003
658.208,11.575,0.005
659.12472,11.567,0.004
659.18938,11.525,0.004
659.88251,11.473,0.006
659.88275,11.476,0.006
660.19921,11.529,0.004
660.86502,11.468,0.006
660.86527,11.466,0.006
661.18768,11.52,0.004
662.19972,11.521,0.004
663.85583,11.458,0.006
663.85608,11.464,0.006
663.87329,11.463,0.005
663.87412,11.466,0.006
663.87494,11.471,0.006
663.87576,11.464,0.006
663.87658,11.473,0.006
663.8774,11.461,0.006
663.87823,11.474,0.006
663.87905,11.463,0.006
663.87987,11.454,0.006
663.88069,11.462,0.006
663.88151,11.476,0.006
663.88233,11.46,0.006
663.88316,11.464,0.005
663.88398,11.459,0.006
663.8848,11.468,0.006
663.88562,11.471,0.005
663.88644,11.457,0.006
663.88726,11.46,0.006
663.88809,11.453,0.006
663.88891,11.462,0.006
663.88973,11.461,0.006
663.89055,11.449,0.006
663.89137,11.473,0.006
663.8922,11.467,0.006
663.89302,11.458,0.006
663.89384,11.457,0.006
663.89466,11.46,0.006
663.89548,11.459,0.006
663.8963,11.46,0.006
663.89713,11.455,0.006
663.89795,11.464,0.006
663.89877,11.454,0.006
663.89959,11.454,0.006
663.90041,11.466,0.006
663.90122,11.467,0.006
663.90204,11.456,0.006
663.90287,11.465,0.006
663.90369,11.45,0.006
663.90451,11.455,0.006
663.90533,11.466,0.006
663.90615,11.466,0.006
663.90698,11.47,0.006
663.9078,11.461,0.006
663.90862,11.458,0.006
663.90944,11.462,0.006
663.91025,11.471,0.006
663.91107,11.461,0.006
663.91189,11.466,0.006
663.91272,11.466,0.006
663.91354,11.47,0.006
663.91436,11.47,0.006
663.91518,11.465,0.006
663.916,11.468,0.006
663.91682,11.476,0.006
663.91765,11.465,0.006
663.91847,11.463,0.006
663.91929,11.465,0.006
663.92011,11.469,0.006
663.92092,11.469,0.006
663.92174,11.457,0.006
663.92257,11.468,0.006
663.92339,11.464,0.006
663.92421,11.462,0.006
663.92503,11.45,0.006
663.92585,11.457,0.006
663.92667,11.454,0.006
663.9275,11.467,0.006
663.92832,11.461,0.006
663.92914,11.468,0.006
663.92996,11.466,0.006
663.93078,11.476,0.006
663.9316,11.47,0.006
663.93243,11.459,0.006
663.93324,11.462,0.006
663.93406,11.462,0.006
663.93488,11.467,0.006
663.9357,11.464,0.006
663.93652,11.463,0.006
663.93735,11.455,0.006
663.93817,11.464,0.006
663.93899,11.459,0.006
663.93981,11.458,0.006
663.94063,11.464,0.006
663.94145,11.453,0.006
663.94226,11.451,0.006
663.94309,11.456,0.006
663.94391,11.459,0.006
663.94473,11.465,0.006
663.94555,11.457,0.006
663.94637,11.464,0.006
663.94718,11.457,0.006
663.94801,11.46,0.006
663.94883,11.471,0.006
663.94965,11.457,0.006
663.95047,11.456,0.006
663.95128,11.462,0.006
663.9521,11.463,0.006
663.95292,11.461,0.006
663.95375,11.465,0.006
663.95457,11.465,0.006
663.95539,11.459,0.006
663.9562,11.471,0.006
664.17198,11.489,0.02
664.24434,11.506,0.02
664.34179,11.524,0.02
664.84555,11.448,0.02
664.84581,11.407,0.02
665.16845,12.474,0.02
665.23804,12.492,0.02
665.33151,12.511,0.02
667.90561,11.459,0.006
667.90586,11.465,0.006
672.85718,11.506,0.036
672.85744,11.508,0.03
673.04861,11.559,0.005
673.0624,11.527,0.01
673.06678,11.539,0.009
673.07117,11.522,0.009
673.07555,11.515,0.009
673.07993,11.532,0.009
673.08431,11.53,0.009
673.08869,11.528,0.009
673.09308,11.537,0.009
673.09747,11.515,0.009
673.10185,11.515,0.008
673.10623,11.527,0.008
673.11062,11.535,0.008
673.115,11.443,0.008
673.11939,11.443,0.008
673.12377,11.445,0.008
673.12816,11.441,0.008
673.13254,11.458,0.008
673.13692,11.436,0.008
673.14131,11.445,0.007
673.1457,11.452,0.008
673.85009,11.463,0.011
673.85034,11.471,0.01
674.14409,11.561,0.002
675.05026,11.572,0.008
675.16149,11.502,0.02
675.23081,11.517,0.02
675.32414,11.534,0.02
675.83074,11.45,0.01
675.83099,11.46,0.01
676.15816,11.506,0.02
676.22796,11.495,0.02
676.22951,11.572,0.006
676.32191,11.479,0.02
676.85809,11.478,0.007
676.85834,11.449,0.007
677.04222,11.564,0.003
678.04083,11.56,0.006
679.15468,11.509,0.02
679.25692,11.547,0.02
679.35871,11.498,0.02
679.86231,11.456,0.008
679.86255,11.468,0.008
680.13939,11.565,0.002
680.82656,11.452,0.007
680.82681,11.465,0.008
682.13023,11.553,0.003
683.14915,11.514,0.02
683.22235,11.478,0.02
683.32016,11.522,0.02
684.14899,11.455,0.02
684.2176,11.574,0.006
684.22194,11.486,0.02
684.31911,11.477,0.02
688.11088,11.581,0.002
688.82159,11.476,0.006
688.82185,11.493,0.006
689.01765,11.579,0.002
689.13394,11.518,0.014
689.14382,11.518,0.013
689.15372,11.519,0.013
689.1636,11.516,0.014
689.17349,11.513,0.013
689.18336,11.514,0.013
690.03628,11.556,0.019
691.06308,11.571,0.002
691.10844,11.508,0.012
691.1183,11.505,0.012
691.12816,11.502,0.012
691.13805,11.503,0.012
691.14749,11.499,0.02
691.14793,11.504,0.011
691.15779,11.503,0.011
691.16766,11.497,0.013
691.17752,11.503,0.012
691.1874,11.507,0.012
691.21657,11.508,0.02
691.32735,11.52,0.02
692.05901,11.563,0.003
693.01184,11.57,0.004
694.11037,11.498,0.012
694.12024,11.501,0.012
694.13011,11.498,0.011
694.13998,11.501,0.012
694.14424,11.483,0.02
694.14983,11.497,0.012
694.15971,11.508,0.012
694.16956,11.493,0.012
694.236848,11.97,0.04
694.238549,12.07,0.04
694.240239,12,0.04
694.24194,12,0.05
694.2437,12.04,0.04
694.32567,11.552,0.02
694.804,11.463,0.005
694.80426,11.449,0.005
696.14063,11.459,0.02
696.22387,11.494,0.02
696.32015,11.512,0.02
696.86936,11.617,0.005
699.075667,11.435,0.007
699.079637,11.451,0.008
699.083596,11.432,0.007
699.0876,11.462,0.007
699.09157,11.429,0.008
699.095528,11.449,0.009
699.09948,11.496,0.011
699.099487,11.41,0.013
699.103445,11.432,0.013
699.107403,11.417,0.014
699.10938,11.502,0.012
699.111362,11.41,0.011
699.11532,11.43,0.014
699.11926,11.496,0.011
699.119302,11.436,0.017
699.123283,11.408,0.018
699.127253,11.45,0.02
699.12917,11.498,0.011
699.1312,11.446,0.018
699.13394,11.44,0.02
699.13906,11.498,0.011
699.14893,11.491,0.011
699.15881,11.499,0.012
699.16869,11.493,0.012
699.17858,11.5,0.012
699.18846,11.5,0.011
699.21788,11.514,0.02
699.30715,11.494,0.02
701.08154,11.555,0.004
701.14023,11.465,0.02
701.23326,11.511,0.02
701.79064,11.449,0.005
701.7909,11.453,0.005
702.06671,11.558,0.002
702.09181,11.495,0.012
702.10168,11.493,0.013
702.11158,11.493,0.011
702.12146,11.49,0.012
702.13134,11.498,0.012
702.14122,11.494,0.012
702.15109,11.496,0.012
702.16099,11.496,0.012
702.997861,11.488,0.01
702.999211,11.489,0.01
703.08742,11.491,0.012
703.09667,11.494,0.011
703.10592,11.491,0.012
703.11516,11.495,0.012
703.1244,11.494,0.012
703.13365,11.492,0.011
703.14291,11.493,0.012
703.15214,11.492,0.012
703.1614,11.494,0.012
703.17065,11.491,0.011
703.17989,11.495,0.012
703.18913,11.494,0.011
703.80435,11.429,0.004
704.07898,11.506,0.012
704.0884,11.497,0.012
704.09784,11.499,0.011
704.10726,11.493,0.011
704.11667,11.498,0.012
704.12609,11.5,0.011
704.13552,11.499,0.011
704.13584,11.479,0.02
704.14494,11.495,0.011
704.15435,11.497,0.011
704.16379,11.496,0.012
704.17321,11.504,0.012
704.18265,11.493,0.012
704.22852,11.517,0.02
705.17201,11.481,0.02
705.2704,11.482,0.02
705.83379,11.471,0.009
705.83468,11.461,0.009
705.99352,11.489,0.01
705.994878,11.492,0.01
708.990179,11.492,0.005
708.991526,11.489,0.005
710.079411,11.498,0.005
710.080762,11.493,0.005
710.13943,11.467,0.02
710.25896,11.488,0.02
710.987367,11.497,0.005
710.988729,11.495,0.005
711.13355,11.474,0.02
711.22657,11.489,0.02
712.01136,11.439,0.033
712.094006,11.489,0.005
712.095353,11.496,0.005
712.12658,11.484,0.02
712.21949,11.507,0.02
713.059161,11.485,0.005
713.060499,11.49,0.005
714.77928,11.445,0.006
714.77953,11.457,0.007
715.08006,11.463,0.005
715.08141,11.464,0.005
716.13502,11.53,0.02
716.23257,11.505,0.02
716.979601,11.491,0.005
716.980951,11.479,0.005
717.12319,11.487,0.02
717.216,11.506,0.02
718.0438,11.503,0.012
718.05299,11.502,0.012
718.06218,11.507,0.012
718.07136,11.499,0.011
718.08055,11.503,0.012
718.08972,11.51,0.011
718.09891,11.508,0.012
718.1081,11.513,0.012
718.11731,11.51,0.012
718.12339,11.474,0.02
718.12651,11.512,0.012
718.1357,11.52,0.011
718.14489,11.514,0.012
718.15406,11.524,0.012
718.16325,11.517,0.014
718.17246,11.519,0.013
718.18165,11.515,0.014
718.21705,11.503,0.02
720.070438,11.484,0.005
720.071784,11.48,0.005
720.12772,11.494,0.02
720.22062,11.502,0.02
721.045974,11.49,0.006
721.047313,11.486,0.005
721.12002,11.505,0.02
721.21399,11.479,0.02
721.76305,11.476,0.009
721.76331,11.453,0.01
722.104099,11.471,0.005
722.105222,11.477,0.005
722.78666,11.458,0.008
722.78692,11.484,0.007
722.967969,11.502,0.005
722.969315,11.497,0.005
723.11298,11.489,0.005
723.114334,11.492,0.005
724.11985,11.475,0.02
724.21299,11.484,0.02
725.11283,11.473,0.02
725.20566,11.475,0.02
726.11451,11.479,0.02
726.21257,11.47,0.02
726.963748,11.489,0.005
726.965098,11.489,0.005
727.962347,11.485,0.005
727.963694,11.488,0.005
729.960395,11.484,0.005
729.961746,11.488,0.005
730.1525,11.514,0.02
730.24151,11.5,0.02
730.958837,11.491,0.005
730.960179,11.491,0.005
731.12707,11.536,0.02
731.22431,11.467,0.02
731.958215,11.495,0.005
731.959566,11.5,0.005
732.12677,11.478,0.02
732.22296,11.494,0.02
732.983362,11.489,0.005
732.984701,11.483,0.005
733.1025,11.479,0.02
733.19556,11.462,0.02
734.14216,11.525,0.02
736.953358,11.487,0.005
736.954701,11.482,0.005
737.11637,11.442,0.02
737.951981,11.492,0.005
737.953331,11.491,0.005
738.12628,11.479,0.02
738.82113,11.462,0.011
738.82138,11.463,0.011
739.12613,11.534,0.02
739.21429,11.548,0.02
740.949846,11.497,0.005
740.951406,11.488,0.005
742.11549,11.496,0.02
742.19879,11.496,0.02
743.11569,11.452,0.02
743.20364,11.55,0.02
745.046576,11.49,0.005
745.047922,11.489,0.005
746.7764,11.46,0.005
746.77665,11.455,0.005
747.73941,11.464,0.005
747.73966,11.47,0.005
748.02381,11.496,0.012
748.03301,11.502,0.011
748.0422,11.496,0.011
748.05141,11.495,0.011
748.06062,11.493,0.01
748.06981,11.493,0.011
748.07899,11.494,0.012
748.0882,11.498,0.011
748.09737,11.493,0.012
748.10655,11.495,0.011
748.11574,11.511,0.011
748.12493,11.499,0.012
748.13412,11.494,0.012
748.14331,11.496,0.01
748.15249,11.497,0.011
748.16169,11.506,0.012
748.17087,11.499,0.011
748.18005,11.502,0.01
749.11632,11.493,0.02
750.11588,11.474,0.02
750.79033,11.47,0.008
750.79059,11.451,0.008
751.040797,11.482,0.005
751.042151,11.481,0.005
751.946063,11.495,0.005
751.947417,11.495,0.005
753.11585,11.468,0.02
757.11577,11.475,0.02
757.73328,11.464,0.017
757.73354,11.457,0.018
759.74246,11.46,0.005
759.7427,11.451,0.005
760.11295,11.481,0.02
